restaurantId,continuity,contribution,history,sources,redditBranchFactor
local,2,2,20+ years,"[""local-age"",""local-history""]",1
magic,2,2,Venue: 1985,"[""magic-age"",""magic-history""]",1
bl,0,1,Documented: 2018–19,"[""bl-history""]",1
trap,0,1,Founding year unverified,"[""trap-history""]",0.5
jr,2,2,Brand: 1982,"[""jr-history"",""lp-history""]",0.5
bando,0,2,2019,"[""bando-history""]",1
clay,2,1,Official site: since 1995,"[""clay-history""]",1
fox,1,1,2007,"[""fox-history""]",0.5
pit,1,2,2008,"[""pit-history""]",1
nam,0,1,Branch age unverified,"[""nam-history""]",0.5
heir,1,2,2010,"[""heir-age"",""heir-history""]",1
sweet,1,1,Documented by 2011,"[""sweet-history""]",0.5
jamal,2,1,23-year run reported in 2017,"[""jamal-history""]",1
ruki,0,1,2022,"[""ruki-history""]",0.5
american,2,2,Brand: 1989,"[""ad-history"",""lp-history""]",0.5
three,2,1,Brand: 1983,"[""three-history""]",0.5
fire,0,1,2018,"[""fire-history""]",1
stein,1,2,October 2006,"[""stein-age"",""stein-history""]",1
argosy,1,1,2013,"[""arg-history""]",1
