symbol,name,price,change,changePercent,snapshotAt,quoteTime
NVDA,Nvidia Corp,210.96,-7.33,-3.36,2026-09-15T02:44:46.301Z,
AAPL,Apple Inc.,333.08,0.81,0.24,2026-09-15T02:44:46.301Z,
MSFT,Microsoft Corp,505.41,9.78,1.97,2026-09-15T02:44:46.301Z,
AMZN,Amazon.Com Inc,253.54,-3.24,-1.26,2026-09-15T02:44:46.301Z,
GOOGL,Alphabet Inc. Class A Common Stock,349.39,10.89,3.22,2026-09-15T02:44:46.301Z,
GOOG,Alphabet Inc. Class C Capital Stock,345.71,10.26,3.06,2026-09-15T02:44:46.301Z,
META,"Meta Platforms, Inc. Class A Common Stock",665.6,17.57,2.71,2026-09-15T02:44:46.301Z,
AVGO,Broadcom Inc. Common Stock,344.72,-17.27,-4.77,2026-09-15T02:44:46.301Z,
TSLA,"Tesla, Inc. Common Stock",358.97,-6.47,-1.77,2026-09-15T02:44:46.301Z,
BRK.B,BERKSHIRE HATHAWAY Class B,514.95,4.58,0.9,2026-09-15T02:44:46.301Z,
MU,"Micron Technology, Inc.",924.03,-51.23,-5.25,2026-09-15T02:44:46.301Z,
LLY,Eli Lilly & Co.,1138.28,22.58,2.02,2026-09-15T02:44:46.301Z,
JPM,JPMorgan Chase & Co.,350.13,-6.1,-1.71,2026-09-15T02:44:46.301Z,
WMT,Walmart Inc. Common Stock,109.08,1.93,1.8,2026-09-15T02:44:46.301Z,
AMD,Advanced Micro Devices,493.41,-22.72,-4.4,2026-09-15T02:44:46.301Z,
V,VISA Inc.,375.28,4.83,1.3,2026-09-15T02:44:46.301Z,
XOM,ExxonMobil Holdings Corporation,165.08,-0.91,-0.55,2026-09-15T02:44:46.301Z,
JNJ,Johnson & Johnson,266.32,0.74,0.28,2026-09-15T02:44:46.301Z,
INTC,Intel Corp,97.19,-5.75,-5.59,2026-09-15T02:44:46.301Z,
MA,Mastercard Incorporated,574.42,5.23,0.92,2026-09-15T02:44:46.301Z,
ABBV,ABBVIE INC.,261.77,4.65,1.81,2026-09-15T02:44:46.301Z,
CSCO,"Cisco Systems, Inc. Common Stock (DE)",110.06,-2.07,-1.85,2026-09-15T02:44:46.301Z,
ORCL,Oracle Corp,144.79,-5.49,-3.65,2026-09-15T02:44:46.301Z,
PLTR,Palantir Technologies Inc. Class A Common Stock,173.31,6.08,3.64,2026-09-15T02:44:46.301Z,
CVX,Chevron Corporation,212.17,-1.89,-0.88,2026-09-15T02:44:46.301Z,
BAC,Bank of America Corporation,59.47,-3.22,-5.14,2026-09-15T02:44:46.301Z,
COST,Costco Wholesale Corp,918.91,14.14,1.56,2026-09-15T02:44:46.301Z,
KO,Coca-Cola Company,89.35,1.06,1.2,2026-09-15T02:44:46.301Z,
CAT,Caterpillar Inc.,784,-34.57,-4.22,2026-09-15T02:44:46.301Z,
MRK,"Merck & Co., Inc.",144.85,0.92,0.64,2026-09-15T02:44:46.301Z,
UNH,UNITEDHEALTH GROUP INCORPORATED (Delaware),383.55,4.46,1.18,2026-09-15T02:44:46.301Z,
LRCX,Lam Research Corp,273.49,-24.73,-8.29,2026-09-15T02:44:46.301Z,
DELL,Dell Technologies Inc.,534.28,-33.01,-5.82,2026-09-15T02:44:46.301Z,
PG,Procter & Gamble Company,146.13,0.86,0.59,2026-09-15T02:44:46.301Z,
AMAT,Applied Materials Inc,424.21,-32.28,-7.07,2026-09-15T02:44:46.301Z,
NFLX,NetFlix Inc,80.32,2.92,3.77,2026-09-15T02:44:46.301Z,
GE,GE Aerospace,317.56,-6.1,-1.88,2026-09-15T02:44:46.301Z,
MS,Morgan Stanley,206.58,-7.8,-3.64,2026-09-15T02:44:46.301Z,
HD,"Home Depot, Inc.",310.87,2.13,0.69,2026-09-15T02:44:46.301Z,
PANW,"Palo Alto Networks, Inc. Common Stock",373.94,43.29,13.09,2026-09-15T02:44:46.301Z,
PM,Philip Morris International Inc.,194.86,3.8,1.99,2026-09-15T02:44:46.301Z,
GS,Goldman Sachs Group Inc.,988.45,-40.73,-3.96,2026-09-15T02:44:46.301Z,
WFC,Wells Fargo & Co.,88.71,-1.58,-1.75,2026-09-15T02:44:46.301Z,
RTX,RTX Corporation,195.34,-2.34,-1.18,2026-09-15T02:44:46.301Z,
CRWD,"CrowdStrike Holdings, Inc. Class A Common Stock",235.38,28.64,13.85,2026-09-15T02:44:46.301Z,
TXN,Texas Instruments Incorporated,263.42,-5.28,-1.97,2026-09-15T02:44:46.301Z,
ANET,Arista Networks,187.81,-11.78,-5.9,2026-09-15T02:44:46.301Z,
IBM,International Business Machines Corporation,249.09,5.8,2.38,2026-09-15T02:44:46.301Z,
GEV,GE Vernova Inc.,874.76,-82.51,-8.62,2026-09-15T02:44:46.301Z,
C,Citigroup Inc.,136.18,-2.64,-1.9,2026-09-15T02:44:46.301Z,
SNDK,Sandisk Corporation Common Stock,1551.99,-81.36,-4.98,2026-09-15T02:44:46.301Z,
TMO,"Thermo Fisher Scientific, Inc.",613.62,3.8,0.62,2026-09-15T02:44:46.301Z,
AXP,American Express Company,327.78,3.09,0.95,2026-09-15T02:44:46.301Z,
KLAC,KLA Corporation Common Stock,169.09,-11.55,-6.39,2026-09-15T02:44:46.301Z,
LIN,Linde plc Ordinary Share,464.41,-1.81,-0.39,2026-09-15T02:44:46.301Z,
CRM,"Salesforce, Inc.",259.43,11.71,4.73,2026-09-15T02:44:46.301Z,
VZ,Verizon Communications,51.29,0.68,1.34,2026-09-15T02:44:46.301Z,
AMGN,Amgen Inc,381.5,4.15,1.1,2026-09-15T02:44:46.301Z,
MRVL,"Marvell Technology, Inc. Common Stock",218.82,-17.28,-7.32,2026-09-15T02:44:46.301Z,
TMUS,"T-Mobile US, Inc.",182.9,0.57,0.31,2026-09-15T02:44:46.301Z,
APH,Amphenol Corporation,78.55,-5.37,-6.4,2026-09-15T02:44:46.301Z,
QCOM,Qualcomm Inc,180.15,-1.82,-1,2026-09-15T02:44:46.301Z,
DIS,The Walt Disney Company,108.59,2.04,1.91,2026-09-15T02:44:46.301Z,
PEP,"PepsiCo, Inc.",136.34,0.02,0.01,2026-09-15T02:44:46.301Z,
SCHW,The Charles Schwab Corporation,107.31,0.06,0.06,2026-09-15T02:44:46.301Z,
DE,Deere & Company,681.46,5.72,0.85,2026-09-15T02:44:46.301Z,
STX,Seagate Technology Holdings PLC Ordinary Shares (Ireland),805.55,-24.62,-2.97,2026-09-15T02:44:46.301Z,
MCD,McDonald's Corporation,257.49,4.96,1.96,2026-09-15T02:44:46.301Z,
T,AT&T Inc.,26.51,0.45,1.73,2026-09-15T02:44:46.301Z,
GILD,Gilead Sciences Inc,146.41,2.69,1.87,2026-09-15T02:44:46.301Z,
ABT,Abbott Laboratories,103.09,1.14,1.12,2026-09-15T02:44:46.301Z,
ADI,"Analog Devices, Inc.",361.02,-17.76,-4.69,2026-09-15T02:44:46.301Z,
NEE,"NextEra Energy, Inc.",81.63,-0.68,-0.83,2026-09-15T02:44:46.301Z,
UNP,Union Pacific Corp.,285.08,0.68,0.24,2026-09-15T02:44:46.301Z,
WELL,Welltower Inc.,234.21,-1.41,-0.6,2026-09-15T02:44:46.301Z,
BA,Boeing Company,210.27,-0.18,-0.09,2026-09-15T02:44:46.301Z,
BLK,"Blackrock, Inc.",1065.6,-14.05,-1.3,2026-09-15T02:44:46.301Z,
COP,ConocoPhillips,136.67,-0.68,-0.5,2026-09-15T02:44:46.301Z,
PFE,Pfizer Inc.,27.72,0,0,2026-09-15T02:44:46.301Z,
WDC,Western Digital Corp.,426.94,-20.24,-4.53,2026-09-15T02:44:46.301Z,
ETN,"Eaton Corporation, plc Ordinary Shares",393.16,-32.21,-7.57,2026-09-15T02:44:46.301Z,
UBER,"Uber Technologies, Inc.",72.63,0.96,1.34,2026-09-15T02:44:46.301Z,
NOW,"SERVICENOW, INC.",142.35,9.82,7.41,2026-09-15T02:44:46.301Z,
DHR,Danaher Corporation,203.25,3.11,1.55,2026-09-15T02:44:46.301Z,
TJX,"TJX Companies, Inc. (The)",125.99,-0.03,-0.02,2026-09-15T02:44:46.301Z,
ISRG,Intuitive Surgical Inc.,377.94,8.79,2.38,2026-09-15T02:44:46.301Z,
CB,Chubb Limited,341.85,3.6,1.06,2026-09-15T02:44:46.301Z,
BKNG,Booking Holdings Inc. Common Stock,175.35,1.43,0.82,2026-09-15T02:44:46.301Z,
VRTX,Vertex Pharmaceuticals Inc,519.51,4.07,0.79,2026-09-15T02:44:46.301Z,
BMY,Bristol-Myers Squibb Co.,64.1,0.46,0.72,2026-09-15T02:44:46.301Z,
NEM,Newmont Corporation,123.07,-3.74,-2.95,2026-09-15T02:44:46.301Z,
PLD,"PROLOGIS, INC.",135.19,-0.56,-0.41,2026-09-15T02:44:46.301Z,
PGR,Progressive Corporation,221.02,3.4,1.56,2026-09-15T02:44:46.301Z,
COF,Capital One Financial,206.68,-1.62,-0.78,2026-09-15T02:44:46.301Z,
FTNT,"Fortinet, Inc.",170.18,14.11,9.04,2026-09-15T02:44:46.301Z,
GLW,Corning Incorporated,143.6,-22.8,-13.7,2026-09-15T02:44:46.301Z,
SPGI,S&P Global Inc.,418.54,7.83,1.91,2026-09-15T02:44:46.301Z,
CVS,CVS HEALTH CORPORATION,95.55,0.89,0.94,2026-09-15T02:44:46.301Z,
LMT,Lockheed Martin Corp.,529.38,5.19,0.99,2026-09-15T02:44:46.301Z,
MDT,Medtronic plc,93.8,2.84,3.12,2026-09-15T02:44:46.301Z,
ACN,Accenture PLC,195,11.1,6.04,2026-09-15T02:44:46.301Z,
MO,"Altria Group, Inc.",70.61,1.63,2.36,2026-09-15T02:44:46.301Z,
PH,Parker-Hannifin Corporation,928.83,-21.4,-2.25,2026-09-15T02:44:46.301Z,
SBUX,Starbucks Corp,99.07,0.33,0.33,2026-09-15T02:44:46.301Z,
APP,Applovin Corporation Class A Common Stock,334.24,10.28,3.17,2026-09-15T02:44:46.301Z,
MPC,MARATHON PETROLEUM CORPORATION,396.45,0.52,0.13,2026-09-15T02:44:46.301Z,
LOW,Lowe's Companies Inc.,198.17,1.35,0.69,2026-09-15T02:44:46.301Z,
VLO,Valero Energy Corporation,382.95,-7.47,-1.91,2026-09-15T02:44:46.301Z,
ADP,Automatic Data Processing,276.63,8.37,3.12,2026-09-15T02:44:46.301Z,
SYK,Stryker Corporation,281.87,6.31,2.29,2026-09-15T02:44:46.301Z,
BNY,Bank of New York Mellon Corporation,157.66,-5,-3.07,2026-09-15T02:44:46.301Z,
MCK,McKesson Corporation,910.95,29.44,3.34,2026-09-15T02:44:46.301Z,
ADBE,Adobe Inc.,265.6,13.37,5.3,2026-09-15T02:44:46.301Z,
HOOD,"Robinhood Markets, Inc. Class A Common Stock",114.33,1.76,1.56,2026-09-15T02:44:46.301Z,
PSX,PHILLIPS 66,257.06,-2.41,-0.93,2026-09-15T02:44:46.301Z,
CME,CME Group Inc.,280.46,4.92,1.79,2026-09-15T02:44:46.301Z,
ABNB,"Airbnb, Inc. Class A Common Stock",170.65,0.46,0.27,2026-09-15T02:44:46.301Z,
SO,The Southern Company,87,-0.17,-0.2,2026-09-15T02:44:46.301Z,
FCX,Freeport-McMoran Inc.,69.34,-1.73,-2.43,2026-09-15T02:44:46.301Z,
EQIX,"Equinix, Inc. Common Stock REIT",998.72,-39,-3.76,2026-09-15T02:44:46.301Z,
USB,U.S. Bancorp,62.68,-0.16,-0.25,2026-09-15T02:44:46.301Z,
PNC,PNC Financial Services Group,242.72,-1.52,-0.62,2026-09-15T02:44:46.301Z,
GD,General Dynamics Corporation,356.81,0.91,0.26,2026-09-15T02:44:46.301Z,
BX,Blackstone Inc.,128.29,-0.22,-0.17,2026-09-15T02:44:46.301Z,
CEG,Constellation Energy Corporation Common Stock,264.57,-20.18,-7.09,2026-09-15T02:44:46.301Z,
TT,Trane Technologies plc,426.01,-16.51,-3.73,2026-09-15T02:44:46.301Z,
PWR,"Quanta Services, Inc.",622.02,-28.56,-4.39,2026-09-15T02:44:46.301Z,
DUK,Duke Energy Corporation,119.02,-0.4,-0.33,2026-09-15T02:44:46.301Z,
HCA,"HCA Healthcare, Inc.",425.49,-1.45,-0.34,2026-09-15T02:44:46.301Z,
ELV,"Elevance Health, Inc.",424.24,5.52,1.32,2026-09-15T02:44:46.301Z,
KKR,KKR & Co. Inc.,102.27,1.19,1.18,2026-09-15T02:44:46.301Z,
VRT,Vertiv Holdings Co Class A Common Stock,237.39,-19.67,-7.65,2026-09-15T02:44:46.301Z,
INTU,Intuit Inc,339.15,17.58,5.47,2026-09-15T02:44:46.301Z,
CSX,CSX Corporation,48.91,-0.04,-0.08,2026-09-15T02:44:46.301Z,
HWM,Howmet Aerospace Inc.,227.13,-2.48,-1.08,2026-09-15T02:44:46.301Z,
MAR,Marriott International Class A Common Stock,340.46,5.77,1.72,2026-09-15T02:44:46.301Z,
ICE,Intercontinental Exchange Inc.,157.75,0.35,0.22,2026-09-15T02:44:46.301Z,
CMCSA,Comcast Corp,24.88,-0.32,-1.27,2026-09-15T02:44:46.301Z,
DASH,"DoorDash, Inc. Class A Common Stock",203.54,1.59,0.79,2026-09-15T02:44:46.301Z,
WMB,Williams Companies Inc.,71.95,-0.9,-1.24,2026-09-15T02:44:46.301Z,
WM,"Waste Management, Inc.",218.09,4.63,2.17,2026-09-15T02:44:46.301Z,
UPS,"United Parcel Service, Inc. Class B",102.46,2.18,2.17,2026-09-15T02:44:46.301Z,
MNST,Monster Beverage Corporation,44.2,0.8,1.84,2026-09-15T02:44:46.301Z,
MRSH,Marsh,180.43,3.52,1.99,2026-09-15T02:44:46.301Z,
MMM,3M Company,162.02,-2.95,-1.79,2026-09-15T02:44:46.301Z,
JCI,Johnson Controls International plc,137.76,-8.25,-5.65,2026-09-15T02:44:46.301Z,
MCO,Moody's Corporation,477.93,2.98,0.63,2026-09-15T02:44:46.301Z,
EMR,Emerson Electric Co.,148.3,-3.89,-2.56,2026-09-15T02:44:46.301Z,
DDOG,"Datadog, Inc. Class A Common Stock",230.05,8.84,4,2026-09-15T02:44:46.301Z,
AMT,American Tower Corporation,176.94,-0.91,-0.51,2026-09-15T02:44:46.301Z,
REGN,Regeneron Pharmaceuticals Inc,793.74,12.25,1.57,2026-09-15T02:44:46.301Z,
CTAS,Cintas Corp,200.82,-0.68,-0.34,2026-09-15T02:44:46.301Z,
MDLZ,"Mondelez International, Inc. Class A",62.39,-0.05,-0.08,2026-09-15T02:44:46.301Z,
SLB,SLB Limited,53.32,-2.74,-4.89,2026-09-15T02:44:46.301Z,
TRV,"The Travelers Companies, Inc.",378.05,2.85,0.76,2026-09-15T02:44:46.301Z,
SHW,The Sherwin-Williams Company,324.5,1.19,0.37,2026-09-15T02:44:46.301Z,
MSI,"Motorola Solutions, Inc. New",474.13,7.97,1.71,2026-09-15T02:44:46.301Z,
EOG,"EOG Resources, Inc.",148.54,1.18,0.8,2026-09-15T02:44:46.301Z,
ECL,"Ecolab, Inc.",275.51,-0.67,-0.24,2026-09-15T02:44:46.301Z,
CDNS,Cadence Design Systems,279.06,-10.31,-3.56,2026-09-15T02:44:46.301Z,
CI,The Cigna Group,290.05,9.29,3.31,2026-09-15T02:44:46.301Z,
ITW,Illinois Tool Works Inc.,269.04,0.88,0.33,2026-09-15T02:44:46.301Z,
GM,General Motors Company,87.16,1.54,1.8,2026-09-15T02:44:46.301Z,
APO,"Apollo Global Management, Inc.",128.31,-0.67,-0.52,2026-09-15T02:44:46.301Z,
NOC,Northrop Grumman Corp.,527.39,8.42,1.62,2026-09-15T02:44:46.301Z,
LITE,Lumentum Holdings Inc. Common Stock,835.03,-92,-9.92,2026-09-15T02:44:46.301Z,
CMI,Cummins Inc.,541.1,-15.65,-2.81,2026-09-15T02:44:46.301Z,
FDX,FedEx Corporation,312.57,0.58,0.19,2026-09-15T02:44:46.301Z,
XEL,"Xcel Energy, Inc.",74.16,-1.34,-1.77,2026-09-15T02:44:46.301Z,
PYPL,"PayPal Holdings, Inc. Common Stock",54.03,0.31,0.58,2026-09-15T02:44:46.301Z,
VTR,"Ventas, Inc.",89.1,-0.89,-0.99,2026-09-15T02:44:46.301Z,
CIEN,Ciena Corporation,319.64,-29.9,-8.55,2026-09-15T02:44:46.301Z,
EXC,Exelon Corporation,42.72,-0.44,-1.02,2026-09-15T02:44:46.301Z,
IQV,IQVIA Holdings Inc.,265.67,3.9,1.49,2026-09-15T02:44:46.301Z,
VEEV,Veeva Systems Inc.,265.67,3.27,1.25,2026-09-15T02:44:46.301Z,
FERG,Ferguson Enterprises Inc.,222.31,-0.23,-0.1,2026-09-15T02:44:46.301Z,
KDP,Keurig Dr Pepper Inc.,31.58,0.19,0.61,2026-09-15T02:44:46.301Z,
PAYX,Paychex Inc,118.51,2.71,2.34,2026-09-15T02:44:46.301Z,
TTWO,Take-Two Interactive Software Inc,222.91,7.44,3.45,2026-09-15T02:44:46.301Z,
ADM,Archer Daniels Midland Company,86.44,-0.28,-0.32,2026-09-15T02:44:46.301Z,
A,Agilent Technologies Inc.,146.8,-0.13,-0.09,2026-09-15T02:44:46.301Z,
PRU,"Prudential Financial, Inc.",119.5,0.26,0.22,2026-09-15T02:44:46.301Z,
IBKR,"Interactive Brokers Group, Inc. Class A Common Stock",90.75,-0.62,-0.68,2026-09-15T02:44:46.301Z,
CBRE,"CBRE GROUP, INC.",140.9,0.39,0.28,2026-09-15T02:44:46.301Z,
WAT,Waters Corp,410.01,1.67,0.41,2026-09-15T02:44:46.301Z,
MSCI,"MSCI, Inc.",553.65,-0.96,-0.17,2026-09-15T02:44:46.301Z,
IDXX,Idexx Laboratories Inc,509.56,4.86,0.96,2026-09-15T02:44:46.301Z,
SYY,Sysco Corporation,83.54,0.33,0.4,2026-09-15T02:44:46.301Z,
FLEX,Flex Ltd. Ordinary Shares,108.32,-7.46,-6.44,2026-09-15T02:44:46.301Z,
LYV,Live Nation Entertainment Inc.,171.49,1.34,0.79,2026-09-15T02:44:46.301Z,
YUM,"Yum! Brands, Inc.",146.33,5.46,3.88,2026-09-15T02:44:46.301Z,
AIG,"American International Group, Inc.",76.29,0.96,1.27,2026-09-15T02:44:46.301Z,
AXON,"Axon Enterprise, Inc. Common Stock",490.18,10.84,2.26,2026-09-15T02:44:46.301Z,
ED,"Consolidated Edison, Inc.",105.78,-0.68,-0.64,2026-09-15T02:44:46.301Z,
ROP,"Roper Technologies, Inc. Common Stock",394.61,6.09,1.57,2026-09-15T02:44:46.301Z,
DHI,D.R. Horton Inc.,139.41,1.52,1.1,2026-09-15T02:44:46.301Z,
MCHP,Microchip Technology Inc,71.48,-2.72,-3.67,2026-09-15T02:44:46.301Z,
ODFL,Old Dominion Freight Line,181.91,2.12,1.18,2026-09-15T02:44:46.301Z,
HIG,"The Hartford Insurance Group, Inc.",137.59,1.23,0.9,2026-09-15T02:44:46.301Z,
NTAP,"NetApp, Inc",188.28,-11,-5.52,2026-09-15T02:44:46.301Z,
KR,The Kroger Co.,60.91,2.42,4.14,2026-09-15T02:44:46.301Z,
MLM,Martin Marietta Materials,500.92,-9.04,-1.77,2026-09-15T02:44:46.301Z,
EL,The Estee Lauder Companies Inc. Class A,98.22,1.1,1.13,2026-09-15T02:44:46.301Z,
UAL,"United Airlines Holdings, Inc. Common Stock",108.96,-0.86,-0.78,2026-09-15T02:44:46.301Z,
PEG,Public Service Enterprise Group Incorporated,70.92,-1.47,-2.03,2026-09-15T02:44:46.301Z,
HSY,The Hershey Company,173.68,0.36,0.21,2026-09-15T02:44:46.301Z,
EXPE,"Expedia Group, Inc. Common Stock",287.86,7.03,2.5,2026-09-15T02:44:46.301Z,
KVUE,Kenvue Inc.,17.91,0.13,0.73,2026-09-15T02:44:46.301Z,
MTB,M&T Bank Corp.,237.82,-2.01,-0.84,2026-09-15T02:44:46.301Z,
CNC,Centene Corporation,69.41,2.99,4.5,2026-09-15T02:44:46.301Z,
WEC,"WEC Energy Group, Inc.",105.17,-0.16,-0.15,2026-09-15T02:44:46.301Z,
HBAN,Huntington Bancshares Inc,16.77,-0.09,-0.53,2026-09-15T02:44:46.301Z,
STLD,Steel Dynamics Inc,234.53,-5.26,-2.19,2026-09-15T02:44:46.301Z,
ACGL,Arch Capital Group Ltd,97.95,1.86,1.94,2026-09-15T02:44:46.301Z,
IRM,Iron Mountain Inc.,112.06,-3.12,-2.71,2026-09-15T02:44:46.301Z,
EQT,EQT CORP,53.21,-0.86,-1.59,2026-09-15T02:44:46.301Z,
FSLR,"First Solar, Inc.",207.04,-1.99,-0.95,2026-09-15T02:44:46.301Z,
OMC,Omnicom Group Inc.,81.07,2.06,2.61,2026-09-15T02:44:46.301Z,
STZ,"Constellation Brands, Inc.",125,2.55,2.08,2026-09-15T02:44:46.301Z,
IFF,International Flavors & Fragrances Inc.,83.43,-0.18,-0.22,2026-09-15T02:44:46.301Z,
CMS,CMS Energy Corporation,66.82,-0.33,-0.49,2026-09-15T02:44:46.301Z,
DOW,Dow Inc.,28.9,-0.13,-0.45,2026-09-15T02:44:46.301Z,
STE,STERIS plc,213.66,2.9,1.38,2026-09-15T02:44:46.301Z,
PKG,Packaging Corp of America,233.26,-1.14,-0.49,2026-09-15T02:44:46.301Z,
RL,Ralph Lauren Corporation,341.43,2.34,0.69,2026-09-15T02:44:46.301Z,
LYB,LyondellBasell Industries N.V. Class A,62.75,-0.94,-1.48,2026-09-15T02:44:46.301Z,
EFX,"Equifax, Incorporated",172.29,3.29,1.95,2026-09-15T02:44:46.301Z,
BBY,"Best Buy Company, Inc.",94.83,4.03,4.44,2026-09-15T02:44:46.301Z,
BR,Broadridge Financial Solutions Inc,174.39,6.65,3.96,2026-09-15T02:44:46.301Z,
CF,"CF Industries Holding, Inc.",131.24,-1.83,-1.38,2026-09-15T02:44:46.301Z,
NI,NiSource Inc.,41.07,-0.34,-0.82,2026-09-15T02:44:46.301Z,
FIS,"Fidelity National Information Services, Inc.",38.18,0.04,0.1,2026-09-15T02:44:46.301Z,
SNA,Snap-on Incorporated,377.78,2.34,0.62,2026-09-15T02:44:46.301Z,
AMCR,Amcor plc Ordinary Shares,42.25,-0.07,-0.17,2026-09-15T02:44:46.301Z,
GIS,"General Mills, Inc.",36.47,0.62,1.73,2026-09-15T02:44:46.301Z,
SBAC,SBA Communications Corp,183.07,-2.4,-1.29,2026-09-15T02:44:46.301Z,
FDXF,"FedEx Freight Holding Company, Inc.",129.44,1.13,0.88,2026-09-15T02:44:46.301Z,
LUV,Southwest Airlines Co.,39.52,0.28,0.71,2026-09-15T02:44:46.301Z,
LEN,Lennar Corporation Class A,79.99,0.39,0.49,2026-09-15T02:44:46.301Z,
VTRS,Viatris Inc. Common Stock,16.66,0.15,0.91,2026-09-15T02:44:46.301Z,
CDW,CDW Corporation,151.7,-2.09,-1.36,2026-09-15T02:44:46.301Z,
GEN,Gen Digital Inc. Common Stock,31.41,1.15,3.8,2026-09-15T02:44:46.301Z,
TSN,"Tyson Foods, Inc.",53.16,0.18,0.34,2026-09-15T02:44:46.301Z,
EVRG,"Evergy, Inc.",80.86,-0.76,-0.93,2026-09-15T02:44:46.301Z,
ZBH,"Zimmer Biomet Holdings, Inc.",96.54,3.05,3.26,2026-09-15T02:44:46.301Z,
CHRW,"C.H. Robinson Worldwide, Inc.",157.31,4.53,2.97,2026-09-15T02:44:46.301Z,
GPC,Genuine Parts Company,133.21,-0.47,-0.35,2026-09-15T02:44:46.301Z,
IP,International Paper Co.,34.25,-0.11,-0.32,2026-09-15T02:44:46.301Z,
ESS,"Essex Property Trust, Inc",275.73,2.82,1.03,2026-09-15T02:44:46.301Z,
TSCO,Tractor Supply Co,33.83,0.82,2.48,2026-09-15T02:44:46.301Z,
LNT,Alliant Energy Corporation Common Stock,66.92,-0.34,-0.51,2026-09-15T02:44:46.301Z,
NDSN,Nordson Corp,308.31,-6.16,-1.96,2026-09-15T02:44:46.301Z,
CHTR,Charter Comm Inc Del CL A New,143.35,-2.42,-1.66,2026-09-15T02:44:46.301Z,
BEN,"Franklin Templeton, Inc.",33.47,-0.18,-0.53,2026-09-15T02:44:46.301Z,
ROL,"Rollins, Inc.",35.31,0.58,1.67,2026-09-15T02:44:46.301Z,
J,Jacobs Solutions Inc.,144.07,2.22,1.57,2026-09-15T02:44:46.301Z,
NVR,"NVR, Inc.",6299.56,138.8,2.25,2026-09-15T02:44:46.301Z,
DD,"DuPont de Nemours, Inc. Common Stock",124.29,-2.7,-2.13,2026-09-15T02:44:46.301Z,
LDOS,"Leidos Holdings, Inc.",132.83,3.97,3.08,2026-09-15T02:44:46.301Z,
FTV,Fortive Corporation,55.19,0.5,0.91,2026-09-15T02:44:46.301Z,
ZBRA,Zebra Technologies Corporation,351.81,1.44,0.41,2026-09-15T02:44:46.301Z,
IEX,IDEX Corporation,222.14,-2.07,-0.92,2026-09-15T02:44:46.301Z,
INVH,Invitation Homes Inc. Common Stock,27.59,0.05,0.18,2026-09-15T02:44:46.301Z,
HPE,Hewlett Packard Enterprise Company,55.41,-6.68,-10.76,2026-09-15T02:44:46.301Z,
ROST,Ross Stores Inc,230.04,-0.7,-0.3,2026-09-15T02:44:46.301Z,
SNPS,Synopsys Inc,381.43,-15.95,-4.01,2026-09-15T02:44:46.301Z,
TGT,Target Corporation,158.7,2.87,1.84,2026-09-15T02:44:46.301Z,
NSC,Norfolk Southern Corp.,320.05,-0.22,-0.07,2026-09-15T02:44:46.301Z,
ORLY,"O'Reilly Automotive, Inc.",87.22,1.4,1.63,2026-09-15T02:44:46.301Z,
WBD,"Warner Bros. Discovery, Inc. Series A Common Stock",28.1,0.06,0.21,2026-09-15T02:44:46.301Z,
CL,Colgate-Palmolive Company,87.89,1.09,1.26,2026-09-15T02:44:46.301Z,
HLT,Hilton Worldwide Holdings Inc.,310.6,4.41,1.44,2026-09-15T02:44:46.301Z,
RSG,Republic Services Inc.,225.85,3.11,1.4,2026-09-15T02:44:46.301Z,
KMI,"Kinder Morgan, Inc.",30.96,0.1,0.32,2026-09-15T02:44:46.301Z,
RCL,Royal Caribbean Group,255.34,-4.8,-1.85,2026-09-15T02:44:46.301Z,
AEP,"American Electric Power Company, Inc.",122.23,-1.1,-0.89,2026-09-15T02:44:46.301Z,
DLR,"Digital Realty Trust, Inc.",179.14,-9.44,-5.01,2026-09-15T02:44:46.301Z,
SPG,"Simon Property Group, Inc.",204.97,0.14,0.07,2026-09-15T02:44:46.301Z,
AON,Aon plc Class A,311.54,8.85,2.92,2026-09-15T02:44:46.301Z,
ALL,The Allstate Corporation,258.48,4.77,1.88,2026-09-15T02:44:46.301Z,
BSX,Boston Scientific Corp.,45.05,2.07,4.82,2026-09-15T02:44:46.301Z,
AJG,Arthur J. Gallagher & Co.,253.3,12.98,5.4,2026-09-15T02:44:46.301Z,
PCAR,Paccar Inc,122.86,0.13,0.11,2026-09-15T02:44:46.301Z,
APD,"Air Products & Chemicals, Inc.",287.13,-4.3,-1.48,2026-09-15T02:44:46.301Z,
HON,"Honeywell International, Inc.",201.38,-0.98,-0.48,2026-09-15T02:44:46.301Z,
COR,"Cencora, Inc.",326.23,4.66,1.45,2026-09-15T02:44:46.301Z,
MET,"MetLife, Inc.",97.75,0.61,0.63,2026-09-15T02:44:46.301Z,
URI,"United Rentals, Inc.",993.8,4.68,0.47,2026-09-15T02:44:46.301Z,
OXY,Occidental Petroleum Corporation,61.78,0.32,0.52,2026-09-15T02:44:46.301Z,
TRGP,Targa Resources Corp.,287.25,-3,-1.03,2026-09-15T02:44:46.301Z,
TDG,TransDigm Group Incorporated,1111.22,-29.1,-2.55,2026-09-15T02:44:46.301Z,
TFC,Truist Financial Corporation,50.1,-0.3,-0.6,2026-09-15T02:44:46.301Z,
GWW,"W.W. Grainger, Inc.",1277.51,-2.49,-0.19,2026-09-15T02:44:46.301Z,
CRH,CRH Public Limited Company,88.98,0.43,0.49,2026-09-15T02:44:46.301Z,
TEL,TE Connectivity plc,203.37,-8.59,-4.05,2026-09-15T02:44:46.301Z,
AFL,Aflac Inc.,117.01,1.73,1.5,2026-09-15T02:44:46.301Z,
MRNA,"Moderna, Inc. Common Stock",146.69,2.72,1.89,2026-09-15T02:44:46.301Z,
NUE,Nucor Corporation,254.63,-4.8,-1.85,2026-09-15T02:44:46.301Z,
FANG,"Diamondback Energy, Inc.",205.72,0.75,0.37,2026-09-15T02:44:46.301Z,
FAST,Fastenal Co,49.44,0.12,0.24,2026-09-15T02:44:46.301Z,
D,"Dominion Energy, Inc Common Stock",64.46,0.1,0.16,2026-09-15T02:44:46.301Z,
NXPI,NXP Semiconductors N.V.,224.23,-12.39,-5.24,2026-09-15T02:44:46.301Z,
BKR,Baker Hughes Company,56.78,-2.28,-3.86,2026-09-15T02:44:46.301Z,
MPWR,"Monolithic Power Systems, Inc.",1143.24,-91.22,-7.39,2026-09-15T02:44:46.301Z,
O,Realty Income Corporation,59.27,-0.23,-0.39,2026-09-15T02:44:46.301Z,
FIX,"Comfort Systems USA, Inc.",1582.8,-108.02,-6.39,2026-09-15T02:44:46.301Z,
F,Ford Motor Company,13.86,-0.11,-0.79,2026-09-15T02:44:46.301Z,
PSA,Public Storage,295.4,-1.1,-0.37,2026-09-15T02:44:46.301Z,
CTVA,"Corteva, Inc. Common Stock",82.54,-1.36,-1.62,2026-09-15T02:44:46.301Z,
NKE,"Nike, Inc.",37.05,0.25,0.68,2026-09-15T02:44:46.301Z,
DVN,Devon Energy Corporation,49.73,-0.5,-1,2026-09-15T02:44:46.301Z,
CAH,"Cardinal Health, Inc.",234.89,0.32,0.14,2026-09-15T02:44:46.301Z,
SRE,Sempra,82.99,-0.35,-0.42,2026-09-15T02:44:46.301Z,
GRMN,Garmin Ltd,280.38,-2.29,-0.81,2026-09-15T02:44:46.301Z,
KEYS,"Keysight Technologies, Inc.",314.96,-23.68,-6.99,2026-09-15T02:44:46.301Z,
AME,"Ametek, Inc.",233.65,-8.22,-3.4,2026-09-15T02:44:46.301Z,
DAL,"Delta Air Lines, Inc.",79.8,-0.11,-0.14,2026-09-15T02:44:46.301Z,
COHR,Coherent Corp.,266.5,-38.87,-12.73,2026-09-15T02:44:46.301Z,
HONA,Honeywell Aerospace Inc. Common Stock,164.08,5.82,3.68,2026-09-15T02:44:46.301Z,
STT,State Street Corporation,188.16,-5.24,-2.71,2026-09-15T02:44:46.301Z,
TER,"Teradyne, Inc. Common Stock",329.2,-50.52,-13.3,2026-09-15T02:44:46.301Z,
VMRK,Vivmark Residential,66.32,0.78,1.19,2026-09-15T02:44:46.301Z,
NDAQ,"Nasdaq, Inc. Common Stock",91.57,0.38,0.42,2026-09-15T02:44:46.301Z,
CVNA,Carvana Co.,70.87,1.71,2.47,2026-09-15T02:44:46.301Z,
COIN,"Coinbase Global, Inc. Class A Common Stock",191.45,16.19,9.24,2026-09-15T02:44:46.301Z,
BDX,"Becton, Dickinson and Co.",182.91,5.06,2.85,2026-09-15T02:44:46.301Z,
ETR,Entergy Corporation,103.64,-1.69,-1.6,2026-09-15T02:44:46.301Z,
AMP,"Ameriprise Financial, Inc.",558.54,0.93,0.17,2026-09-15T02:44:46.301Z,
FITB,Fifth Third Bancorp,54.38,-0.34,-0.62,2026-09-15T02:44:46.301Z,
EW,Edwards Lifesciences Corp,85.52,1.15,1.36,2026-09-15T02:44:46.301Z,
HUM,Humana Inc.,407.02,-2.78,-0.68,2026-09-15T02:44:46.301Z,
EBAY,eBay Inc,108.99,1.24,1.15,2026-09-15T02:44:46.301Z,
AZO,"AutoZone, Inc.",2965.52,88.77,3.09,2026-09-15T02:44:46.301Z,
ADSK,Autodesk Inc,228.93,16.53,7.78,2026-09-15T02:44:46.301Z,
XYZ,"Block, Inc.",79.49,0.28,0.35,2026-09-15T02:44:46.301Z,
VST,Vistra Corp.,140.73,-7.65,-5.16,2026-09-15T02:44:46.301Z,
CARR,Carrier Global Corporation,57.26,-0.2,-0.35,2026-09-15T02:44:46.301Z,
WAB,Wabtec Inc.,278.42,-4.8,-1.69,2026-09-15T02:44:46.301Z,
CMG,"Chipotle Mexican Grill, Inc.",37.03,0.83,2.29,2026-09-15T02:44:46.301Z,
WDAY,"Workday, Inc. Class A Common Stock",194.21,8.51,4.58,2026-09-15T02:44:46.301Z,
ROK,"Rockwell Automation, Inc.",418.85,-9.54,-2.23,2026-09-15T02:44:46.301Z,
LHX,"L3Harris Technologies, Inc.",248.93,3.39,1.38,2026-09-15T02:44:46.301Z,
NTRS,Northern Trust Corp,181.71,-7.48,-3.95,2026-09-15T02:44:46.301Z,
EME,"EMCOR Group, Inc.",749.7,-30.96,-3.97,2026-09-15T02:44:46.301Z,
KMB,Kimberly-Clark Corp.,99.09,0.94,0.96,2026-09-15T02:44:46.301Z,
RJF,"Raymond James Financial, Inc.",170.8,-2.66,-1.53,2026-09-15T02:44:46.301Z,
VMC,Vulcan Materials Company(Holding Company),250.54,-2.2,-0.87,2026-09-15T02:44:46.301Z,
RMD,ResMed Inc.,222.99,4.72,2.16,2026-09-15T02:44:46.301Z,
BIIB,Biogen Inc. Common Stock,217.36,0.21,0.1,2026-09-15T02:44:46.301Z,
DXCM,"DexCom, Inc.",84.68,1.65,1.99,2026-09-15T02:44:46.301Z,
CCI,Crown Castle Inc.,74.17,-1.45,-1.92,2026-09-15T02:44:46.301Z,
JBL,Jabil Inc.,298.72,-19.36,-6.09,2026-09-15T02:44:46.301Z,
RDDT,"Reddit, Inc.",162.38,4.61,2.92,2026-09-15T02:44:46.301Z,
CCL,Carnival Corporation Ltd.,22.56,-0.19,-0.84,2026-09-15T02:44:46.301Z,
HPQ,HP Inc.,34.02,-1.46,-4.11,2026-09-15T02:44:46.301Z,
ZTS,ZOETIS INC.,73.67,0.7,0.96,2026-09-15T02:44:46.301Z,
WTW,Willis Towers Watson Public Limited Company Ordinary Shares,323.71,8.1,2.57,2026-09-15T02:44:46.301Z,
PCG,PG&E Corporation,13.6,-0.2,-1.45,2026-09-15T02:44:46.301Z,
ARES,Ares Management Corporation Class A Common Stock,131.52,-0.12,-0.09,2026-09-15T02:44:46.301Z,
CBOE,"Cboe Global Markets, Inc.",284.5,3.46,1.23,2026-09-15T02:44:46.301Z,
CFG,"Citizens Financial Group, Inc.",70.54,0.06,0.09,2026-09-15T02:44:46.301Z,
EXR,"Extra Space Storage, Inc.",139.4,1.76,1.28,2026-09-15T02:44:46.301Z,
CPRT,Copart Inc,31.73,1.78,5.94,2026-09-15T02:44:46.301Z,
HAL,Halliburton Company,35.01,-0.83,-2.32,2026-09-15T02:44:46.301Z,
GEHC,GE HealthCare Technologies Inc. Common Stock,64.25,0.32,0.5,2026-09-15T02:44:46.301Z,
CTSH,Cognizant Technology Solutions,64.1,4.1,6.83,2026-09-15T02:44:46.301Z,
AEE,Ameren Corporation,103.97,-0.93,-0.89,2026-09-15T02:44:46.301Z,
KHC,The Kraft Heinz Company Common Stock,24.27,-0.33,-1.34,2026-09-15T02:44:46.301Z,
DG,Dollar General Corp.,129.17,4.59,3.68,2026-09-15T02:44:46.301Z,
IR,Ingersoll Rand Inc. Common Stock,72.13,-0.8,-1.1,2026-09-15T02:44:46.301Z,
ON,ON Semiconductor Corp,71.65,-4.49,-5.9,2026-09-15T02:44:46.301Z,
ATO,Atmos Energy Corporation,163.84,0.65,0.4,2026-09-15T02:44:46.301Z,
TDY,Teledyne Technologies Incorporated,597.11,-6.68,-1.11,2026-09-15T02:44:46.301Z,
AWK,"American Water Works Company, Inc",138.92,1.23,0.89,2026-09-15T02:44:46.301Z,
VICI,VICI Properties Inc. Common Stock,25.04,0.21,0.85,2026-09-15T02:44:46.301Z,
LVS,Las Vegas Sands Corp.,42.4,-0.43,-1,2026-09-15T02:44:46.301Z,
DTE,DTE Energy Company,131.13,-1.45,-1.09,2026-09-15T02:44:46.301Z,
ECHO,EchoStar Corporation,93.89,0.75,0.81,2026-09-15T02:44:46.301Z,
FISV,"Fiserv, Inc. Common Stock",50.99,-0.59,-1.14,2026-09-15T02:44:46.301Z,
CPAY,"Corpay, Inc.",412.56,4.34,1.06,2026-09-15T02:44:46.301Z,
WSM,"Williams-Sonoma, Inc.",229.43,3.2,1.41,2026-09-15T02:44:46.301Z,
VRSN,VeriSign Inc,298.6,5.89,2.01,2026-09-15T02:44:46.301Z,
OTIS,Otis Worldwide Corporation,70.18,1.08,1.56,2026-09-15T02:44:46.301Z,
FE,FirstEnergy Corp.,45.83,-0.3,-0.65,2026-09-15T02:44:46.301Z,
CINF,Cincinnati Financial Corp,172.02,2.22,1.31,2026-09-15T02:44:46.301Z,
WRB,W.R. Berkley Corporation,70.87,0.97,1.39,2026-09-15T02:44:46.301Z,
DGX,Quest Diagnostics Inc.,237.89,2.87,1.22,2026-09-15T02:44:46.301Z,
JBHT,JB Hunt Transport Services Inc,274.99,4.54,1.68,2026-09-15T02:44:46.301Z,
MTD,Mettler-Toledo International,1285.75,-7.77,-0.6,2026-09-15T02:44:46.301Z,
ES,Eversource Energy,68.33,-0.19,-0.28,2026-09-15T02:44:46.301Z,
RF,Regions Financial Corp.,30.03,-0.1,-0.33,2026-09-15T02:44:46.301Z,
LH,Labcorp Holdings Inc.,315.31,3.77,1.21,2026-09-15T02:44:46.301Z,
DOV,Dover Corporation,189.15,0.1,0.05,2026-09-15T02:44:46.301Z,
CNP,"CenterPoint Energy, Inc.",38.65,-0.46,-1.18,2026-09-15T02:44:46.301Z,
PPL,PPL Corporation,33.79,-0.29,-0.85,2026-09-15T02:44:46.301Z,
TPL,Texas Pacific Land Corporation,365.27,-3.83,-1.04,2026-09-15T02:44:46.301Z,
EXPD,"Expeditors International of Washington, Inc.",193.61,1.01,0.52,2026-09-15T02:44:46.301Z,
XYL,Xylem Inc,107.49,0.53,0.5,2026-09-15T02:44:46.301Z,
PFG,"Principal Financial Group, Inc.",116.9,0.73,0.63,2026-09-15T02:44:46.301Z,
WST,"West Pharmaceutical Services, Inc.",355.2,8.97,2.59,2026-09-15T02:44:46.301Z,
DRI,"Darden Restaurants, Inc.",218.57,8.68,4.14,2026-09-15T02:44:46.301Z,
INCY,Incyte Genomics Inc,122.19,0.72,0.59,2026-09-15T02:44:46.301Z,
SYF,SYNCHRONY FINANCIAL,75.88,-0.11,-0.14,2026-09-15T02:44:46.301Z,
Q,"Qnity Electronics, Inc.",117.23,-9.17,-7.25,2026-09-15T02:44:46.301Z,
VRSK,"Verisk Analytics, Inc. Common Stock",187.03,10.83,6.15,2026-09-15T02:44:46.301Z,
SMCI,"Super Micro Computer, Inc. Common Stock",36.74,-3.36,-8.38,2026-09-15T02:44:46.301Z,
GPN,"Global Payments, Inc.",90.19,1.9,2.15,2026-09-15T02:44:46.301Z,
TPR,"Tapestry, Inc. Common Stock",117.91,-0.58,-0.49,2026-09-15T02:44:46.301Z,
VLTO,Veralto Corporation,96.3,2.2,2.34,2026-09-15T02:44:46.301Z,
ULTA,"Ulta Beauty, Inc. Common Stock",548.65,1.87,0.34,2026-09-15T02:44:46.301Z,
KEY,KeyCorp,21.93,0.09,0.41,2026-09-15T02:44:46.301Z,
PPG,"PPG Industries, Inc.",105.25,-0.25,-0.24,2026-09-15T02:44:46.301Z,
HUBB,Hubbell Incorporated,442.38,-18.02,-3.91,2026-09-15T02:44:46.301Z,
FFIV,"F5, Inc. Common Stock",411.49,-0.22,-0.05,2026-09-15T02:44:46.301Z,
BG,Bunge Global SA,121.23,-1.18,-0.96,2026-09-15T02:44:46.301Z,
CASY,Casey's General Stores Inc,621.61,6.14,1,2026-09-15T02:44:46.301Z,
SW,Smurfit Westrock plc,43.75,0.53,1.23,2026-09-15T02:44:46.301Z,
BRO,"Brown & Brown, Inc.",68.33,2.14,3.23,2026-09-15T02:44:46.301Z,
NRG,"NRG Energy, Inc.",108.47,-4.99,-4.4,2026-09-15T02:44:46.301Z,
PHM,"Pultegroup, Inc.",118.94,0.68,0.58,2026-09-15T02:44:46.301Z,
TROW,T Rowe Price Group Inc,105.8,-0.49,-0.46,2026-09-15T02:44:46.301Z,
CHD,"Church & Dwight Co., Inc.",94.58,0.43,0.46,2026-09-15T02:44:46.301Z,
DLTR,Dollar Tree Inc.,119.17,1,0.85,2026-09-15T02:44:46.301Z,
L,Loews Corporation,109.2,0.41,0.38,2026-09-15T02:44:46.301Z,
FICO,Fair Isaac Corporation,1001.5,16.11,1.63,2026-09-15T02:44:46.301Z,
EXE,Expand Energy Corporation Common Stock,93.4,-1.43,-1.51,2026-09-15T02:44:46.301Z,
EIX,Edison International,56.13,0.13,0.23,2026-09-15T02:44:46.301Z,
BALL,Ball Corporation,60.71,0.81,1.35,2026-09-15T02:44:46.301Z,
WY,Weyerhaeuser Company,22.23,0.17,0.77,2026-09-15T02:44:46.301Z,
APA,APA Corporation Common Stock,45.03,0.3,0.67,2026-09-15T02:44:46.301Z,
KIM,Kimco Realty Corp.,23.22,0.03,0.13,2026-09-15T02:44:46.301Z,
HST,"Host Hotels & Resorts, Inc.",22.36,0.13,0.56,2026-09-15T02:44:46.301Z,
SOLV,Solventum Corporation,89.82,2.37,2.71,2026-09-15T02:44:46.301Z,
AKAM,Akamai Technologies Inc,105.57,-1.22,-1.14,2026-09-15T02:44:46.301Z,
PTC,"PTC, INC",136.65,5.87,4.49,2026-09-15T02:44:46.301Z,
TYL,"Tyler Technologies, Inc.",359.54,22.87,6.79,2026-09-15T02:44:46.301Z,
MAA,"Mid-America Apartment Communities, Inc.",125.6,0.81,0.65,2026-09-15T02:44:46.301Z,
EG,"Everest Group, Ltd.",379.54,7.83,2.11,2026-09-15T02:44:46.301Z,
RVTY,"Revvity, Inc.",128.49,4.18,3.36,2026-09-15T02:44:46.301Z,
TKO,"TKO Group Holdings, Inc.",193.72,3.41,1.79,2026-09-15T02:44:46.301Z,
DOC,"Healthpeak Properties, Inc.",20.37,0.07,0.34,2026-09-15T02:44:46.301Z,
AIZ,"Assurant, Inc.",283.27,0.81,0.29,2026-09-15T02:44:46.301Z,
IVZ,Invesco LTD,31.51,-0.77,-2.39,2026-09-15T02:44:46.301Z,
TXT,"Textron, Inc.",80.58,-0.42,-0.52,2026-09-15T02:44:46.301Z,
TRMB,Trimble Inc. Common Stock,58.74,1.08,1.87,2026-09-15T02:44:46.301Z,
FOXA,Fox Corporation Class A Common Stock,68.53,2.59,3.93,2026-09-15T02:44:46.301Z,
MAS,Masco Corporation,69.41,0.89,1.3,2026-09-15T02:44:46.301Z,
REG,Regency Centers Corporation,74.53,-0.09,-0.12,2026-09-15T02:44:46.301Z,
ALB,Albemarle Corporation,115.03,-2.49,-2.12,2026-09-15T02:44:46.301Z,
MKC,"McCormick & Company, Incorporated Non-VTG CS",50.39,-0.93,-1.81,2026-09-15T02:44:46.301Z,
FOX,Fox Corporation Class B Common Stock,61.14,2.69,4.6,2026-09-15T02:44:46.301Z,
SWK,"Stanley Black & Decker, Inc.",88.89,-0.35,-0.39,2026-09-15T02:44:46.301Z,
GL,Globe Life Inc.,172.92,1.75,1.02,2026-09-15T02:44:46.301Z,
ERIE,Erie Indemnity Co,253.88,8.85,3.61,2026-09-15T02:44:46.301Z,
GDDY,GoDaddy Inc,104.47,6.4,6.53,2026-09-15T02:44:46.301Z,
ALLE,Allegion Public Limited Company,155.39,2.04,1.33,2026-09-15T02:44:46.301Z,
CRL,"Charles River Laboratories International, Inc.",273.11,-5.15,-1.85,2026-09-15T02:44:46.301Z,
SJM,The J.M. Smucker Company,121.3,0.16,0.13,2026-09-15T02:44:46.301Z,
AVY,Avery Dennison Corp.,170.92,1.54,0.91,2026-09-15T02:44:46.301Z,
HAS,"Hasbro, Inc.",90.76,-0.78,-0.85,2026-09-15T02:44:46.301Z,
CSGP,CoStar Group Inc,31.52,1.06,3.48,2026-09-15T02:44:46.301Z,
LII,Lennox International Inc.,365.51,-0.53,-0.14,2026-09-15T02:44:46.301Z,
IT,"Gartner, Inc.",197.07,17.48,9.73,2026-09-15T02:44:46.301Z,
BAX,Baxter International Inc.,23.86,0.06,0.25,2026-09-15T02:44:46.301Z,
PSKY,Paramount Skydance Corporation Class B Common Stock,10.87,0.27,2.55,2026-09-15T02:44:46.301Z,
DVA,DaVita Inc.,189.32,7.77,4.28,2026-09-15T02:44:46.301Z,
BF.B,Brown-Forman Corporation Class B,26.24,0.02,0.08,2026-09-15T02:44:46.301Z,
CPT,Camden Property Trust,103.83,0.82,0.8,2026-09-15T02:44:46.301Z,
SWKS,Skyworks Solutions Inc,79.26,-9.09,-10.29,2026-09-15T02:44:46.301Z,
PNW,Pinnacle West Capital Corporation,95.4,-0.7,-0.73,2026-09-15T02:44:46.301Z,
JKHY,Henry (Jack) & Associates,164.55,3.43,2.13,2026-09-15T02:44:46.301Z,
HRL,Hormel Foods Corporation,20.96,0.39,1.9,2026-09-15T02:44:46.301Z,
UDR,"UDR, Inc.",35.37,0.25,0.71,2026-09-15T02:44:46.301Z,
TECH,Bio-Techne Corp.,72.27,0.15,0.21,2026-09-15T02:44:46.301Z,
LULU,lululemon athletica inc.,100.3,1.33,1.34,2026-09-15T02:44:46.301Z,
HII,"Huntington Ingalls Industries, Inc.",280.01,0.32,0.11,2026-09-15T02:44:46.301Z,
DECK,Deckers Outdoor Corp,80.54,-0.73,-0.9,2026-09-15T02:44:46.301Z,
NWSA,News Corporation Class A Common Stock,30.56,1.12,3.8,2026-09-15T02:44:46.301Z,
ALGN,Align Technology Inc,153,2.18,1.45,2026-09-15T02:44:46.301Z,
CLX,Clorox Company,89.31,1.55,1.77,2026-09-15T02:44:46.301Z,
DPZ,Domino's Pizza Inc.,323.77,12.17,3.91,2026-09-15T02:44:46.301Z,
AES,AES Corporation,14.8,0.01,0.07,2026-09-15T02:44:46.301Z,
GNRC,GENERAC HOLDINGS INC,176.98,-10.01,-5.35,2026-09-15T02:44:46.301Z,
COO,"The Cooper Companies, Inc. Common Stock",54.22,0.31,0.58,2026-09-15T02:44:46.301Z,
BXP,"BXP, Inc.",64.5,-0.2,-0.31,2026-09-15T02:44:46.301Z,
UHS,"Universal Health Services, Inc. Class B",173.25,-1.58,-0.9,2026-09-15T02:44:46.301Z,
MGM,MGM RESORTS INTERNATIONAL,39.83,-0.06,-0.15,2026-09-15T02:44:46.301Z,
FRT,Federal Realty Investment Trust,114.53,0.17,0.15,2026-09-15T02:44:46.301Z,
HSIC,Henry Schein Inc,88.93,0.57,0.65,2026-09-15T02:44:46.301Z,
FDS,Factset Research Systems,276.93,17.22,6.63,2026-09-15T02:44:46.301Z,
PODD,Insulet Corporation,137.8,5.84,4.43,2026-09-15T02:44:46.301Z,
APTV,Aptiv PLC,44.79,-0.75,-1.65,2026-09-15T02:44:46.301Z,
WYNN,Wynn Resorts Ltd,87.76,0.06,0.07,2026-09-15T02:44:46.301Z,
PNR,Pentair plc,56.18,-0.4,-0.71,2026-09-15T02:44:46.301Z,
ARE,"Alexandria Real Estate Equities, Inc.",51.96,0.82,1.6,2026-09-15T02:44:46.301Z,
MOS,The Mosaic Company,25.05,-0.14,-0.56,2026-09-15T02:44:46.301Z,
AOS,A.O. Smith Corporation,57.38,-0.01,-0.02,2026-09-15T02:44:46.301Z,
TAP,Molson Coors Beverage Company Class B,39.08,0.15,0.39,2026-09-15T02:44:46.301Z,
TTD,"The Trade Desk, Inc.",14.97,0.63,4.39,2026-09-15T02:44:46.301Z,
NCLH,Norwegian Cruise Line Holdings Ltd. Ordinary Shares,14.72,-0.1,-0.67,2026-09-15T02:44:46.301Z,
BLDR,"Builders FirstSource, Inc.",60.24,-0.13,-0.22,2026-09-15T02:44:46.301Z,
NWS,News Corporation Class B Common Stock,33.86,1.15,3.52,2026-09-15T02:44:46.301Z,
